label	objects	constraints	events_requested	events_processed	avg_ms	duration_s	events_per_s	memory_mode	memory_value	memory_note	history_depth	periodic_constraints	periodic_hz	burst_size	hotset_size	phase_length	time_step_ms	burst_gap_ms	family	repetition
showcase_object_o001_r01	1	6	640	640	0.009	0.006124	104506.858	none	NA	not_measured	0	0	100	1	0	0	1.0	10.0	object_sweep	1
showcase_object_o001_r02	1	6	640	640	0.010	0.006369	100486.733	none	NA	not_measured	0	0	100	1	0	0	1.0	10.0	object_sweep	2
showcase_object_o001_r03	1	6	640	640	0.008	0.005102	125441.004	none	NA	not_measured	0	0	100	1	0	0	1.0	10.0	object_sweep	3
showcase_object_o001_r04	1	6	640	640	0.006	0.004112	155642.023	none	NA	not_measured	0	0	100	1	0	0	1.0	10.0	object_sweep	4
showcase_object_o001_r05	1	6	640	640	0.008	0.005351	119603.812	none	NA	not_measured	0	0	100	1	0	0	1.0	10.0	object_sweep	5
showcase_object_o002_r01	2	6	640	640	0.080	0.051306	12474.175	none	NA	not_measured	0	0	100	1	0	0	1.0	10.0	object_sweep	1
showcase_object_o002_r02	2	6	640	640	0.078	0.050237	12739.614	none	NA	not_measured	0	0	100	1	0	0	1.0	10.0	object_sweep	2
showcase_object_o002_r03	2	6	640	640	0.078	0.050211	12746.211	none	NA	not_measured	0	0	100	1	0	0	1.0	10.0	object_sweep	3
showcase_object_o002_r04	2	6	640	640	0.075	0.048443	13211.403	none	NA	not_measured	0	0	100	1	0	0	1.0	10.0	object_sweep	4
showcase_object_o002_r05	2	6	640	640	0.092	0.059029	10842.128	none	NA	not_measured	0	0	100	1	0	0	1.0	10.0	object_sweep	5
showcase_object_o004_r01	4	6	640	640	0.416	0.266466	2401.807	none	NA	not_measured	0	0	100	1	0	0	1.0	10.0	object_sweep	1
showcase_object_o004_r02	4	6	640	640	0.374	0.239669	2670.350	none	NA	not_measured	0	0	100	1	0	0	1.0	10.0	object_sweep	2
showcase_object_o004_r03	4	6	640	640	0.427	0.273930	2336.363	none	NA	not_measured	0	0	100	1	0	0	1.0	10.0	object_sweep	3
showcase_object_o004_r04	4	6	640	640	0.411	0.262866	2434.701	none	NA	not_measured	0	0	100	1	0	0	1.0	10.0	object_sweep	4
showcase_object_o004_r05	4	6	640	640	0.373	0.239472	2672.546	none	NA	not_measured	0	0	100	1	0	0	1.0	10.0	object_sweep	5
showcase_object_o006_r01	6	6	640	640	0.895	0.573490	1115.974	none	NA	not_measured	0	0	100	1	0	0	1.0	10.0	object_sweep	1
showcase_object_o006_r02	6	6	640	640	0.832	0.532850	1201.088	none	NA	not_measured	0	0	100	1	0	0	1.0	10.0	object_sweep	2
showcase_object_o006_r03	6	6	640	640	0.882	0.565348	1132.046	none	NA	not_measured	0	0	100	1	0	0	1.0	10.0	object_sweep	3
showcase_object_o006_r04	6	6	640	640	0.943	0.604361	1058.970	none	NA	not_measured	0	0	100	1	0	0	1.0	10.0	object_sweep	4
showcase_object_o006_r05	6	6	640	640	0.833	0.533704	1199.167	none	NA	not_measured	0	0	100	1	0	0	1.0	10.0	object_sweep	5
showcase_object_o008_r01	8	6	640	640	1.585	1.015247	630.388	none	NA	not_measured	0	0	100	1	0	0	1.0	10.0	object_sweep	1
showcase_object_o008_r02	8	6	640	640	1.823	1.167941	547.973	none	NA	not_measured	0	0	100	1	0	0	1.0	10.0	object_sweep	2
showcase_object_o008_r03	8	6	640	640	1.860	1.190347	537.658	none	NA	not_measured	0	0	100	1	0	0	1.0	10.0	object_sweep	3
showcase_object_o008_r04	8	6	640	640	1.875	1.200022	533.324	none	NA	not_measured	0	0	100	1	0	0	1.0	10.0	object_sweep	4
showcase_object_o008_r05	8	6	640	640	1.526	0.977111	654.992	none	NA	not_measured	0	0	100	1	0	0	1.0	10.0	object_sweep	5
showcase_object_o012_r01	12	6	640	640	3.766	2.411183	265.430	none	NA	not_measured	0	0	100	1	0	0	1.0	10.0	object_sweep	1
showcase_object_o012_r02	12	6	640	640	3.724	2.384741	268.373	none	NA	not_measured	0	0	100	1	0	0	1.0	10.0	object_sweep	2
showcase_object_o012_r03	12	6	640	640	3.731	2.388859	267.910	none	NA	not_measured	0	0	100	1	0	0	1.0	10.0	object_sweep	3
showcase_object_o012_r04	12	6	640	640	3.711	2.375903	269.371	none	NA	not_measured	0	0	100	1	0	0	1.0	10.0	object_sweep	4
showcase_object_o012_r05	12	6	640	640	3.671	2.350486	272.284	none	NA	not_measured	0	0	100	1	0	0	1.0	10.0	object_sweep	5
showcase_object_o016_r01	16	6	640	640	7.093	4.541057	140.936	none	NA	not_measured	0	0	100	1	0	0	1.0	10.0	object_sweep	1
showcase_object_o016_r02	16	6	640	640	7.358	4.710560	135.865	none	NA	not_measured	0	0	100	1	0	0	1.0	10.0	object_sweep	2
showcase_object_o016_r03	16	6	640	640	6.907	4.421738	144.739	none	NA	not_measured	0	0	100	1	0	0	1.0	10.0	object_sweep	3
showcase_object_o016_r04	16	6	640	640	6.883	4.406618	145.236	none	NA	not_measured	0	0	100	1	0	0	1.0	10.0	object_sweep	4
showcase_object_o016_r05	16	6	640	640	6.959	4.455335	143.648	none	NA	not_measured	0	0	100	1	0	0	1.0	10.0	object_sweep	5
showcase_object_o020_r01	20	6	640	640	10.796	6.911451	92.600	none	NA	not_measured	0	0	100	1	0	0	1.0	10.0	object_sweep	1
showcase_object_o020_r02	20	6	640	640	10.809	6.919127	92.497	none	NA	not_measured	0	0	100	1	0	0	1.0	10.0	object_sweep	2
showcase_object_o020_r03	20	6	640	640	11.293	7.229406	88.527	none	NA	not_measured	0	0	100	1	0	0	1.0	10.0	object_sweep	3
showcase_object_o020_r04	20	6	640	640	11.564	7.402674	86.455	none	NA	not_measured	0	0	100	1	0	0	1.0	10.0	object_sweep	4
showcase_object_o020_r05	20	6	640	640	11.548	7.392243	86.577	none	NA	not_measured	0	0	100	1	0	0	1.0	10.0	object_sweep	5
showcase_object_o024_r01	24	6	640	640	16.717	10.700559	59.810	none	NA	not_measured	0	0	100	1	0	0	1.0	10.0	object_sweep	1
showcase_object_o024_r02	24	6	640	640	16.484	10.551415	60.655	none	NA	not_measured	0	0	100	1	0	0	1.0	10.0	object_sweep	2
showcase_object_o024_r03	24	6	640	640	16.017	10.252690	62.423	none	NA	not_measured	0	0	100	1	0	0	1.0	10.0	object_sweep	3
showcase_object_o024_r04	24	6	640	640	15.468	9.901394	64.637	none	NA	not_measured	0	0	100	1	0	0	1.0	10.0	object_sweep	4
showcase_object_o024_r05	24	6	640	640	15.673	10.032778	63.791	none	NA	not_measured	0	0	100	1	0	0	1.0	10.0	object_sweep	5
showcase_object_o032_r01	32	6	640	640	27.212	17.417214	36.745	none	NA	not_measured	0	0	100	1	0	0	1.0	10.0	object_sweep	1
showcase_object_o032_r02	32	6	640	640	28.119	17.997659	35.560	none	NA	not_measured	0	0	100	1	0	0	1.0	10.0	object_sweep	2
showcase_object_o032_r03	32	6	640	640	28.543	18.269511	35.031	none	NA	not_measured	0	0	100	1	0	0	1.0	10.0	object_sweep	3
showcase_object_o032_r04	32	6	640	640	30.051	19.234794	33.273	none	NA	not_measured	0	0	100	1	0	0	1.0	10.0	object_sweep	4
showcase_object_o032_r05	32	6	640	640	29.930	19.157310	33.408	none	NA	not_measured	0	0	100	1	0	0	1.0	10.0	object_sweep	5
showcase_object_o040_r01	40	6	640	640	47.491	30.397033	21.055	none	NA	not_measured	0	0	100	1	0	0	1.0	10.0	object_sweep	1
showcase_object_o040_r02	40	6	640	640	46.811	29.960802	21.361	none	NA	not_measured	0	0	100	1	0	0	1.0	10.0	object_sweep	2
showcase_object_o040_r03	40	6	640	640	46.943	30.045244	21.301	none	NA	not_measured	0	0	100	1	0	0	1.0	10.0	object_sweep	3
showcase_object_o040_r04	40	6	640	640	46.683	29.876840	21.421	none	NA	not_measured	0	0	100	1	0	0	1.0	10.0	object_sweep	4
showcase_object_o040_r05	40	6	640	640	45.834	29.335967	21.816	none	NA	not_measured	0	0	100	1	0	0	1.0	10.0	object_sweep	5
showcase_object_o048_r01	48	6	640	640	67.464	43.178884	14.822	none	NA	not_measured	0	0	100	1	0	0	1.0	10.0	object_sweep	1
showcase_object_o048_r02	48	6	640	640	66.802	42.755221	14.969	none	NA	not_measured	0	0	100	1	0	0	1.0	10.0	object_sweep	2
showcase_object_o048_r03	48	6	640	640	67.224	43.025128	14.875	none	NA	not_measured	0	0	100	1	0	0	1.0	10.0	object_sweep	3
showcase_object_o048_r04	48	6	640	640	62.285	39.862306	16.055	none	NA	not_measured	0	0	100	1	0	0	1.0	10.0	object_sweep	4
showcase_object_o048_r05	48	6	640	640	60.332	38.614455	16.574	none	NA	not_measured	0	0	100	1	0	0	1.0	10.0	object_sweep	5
showcase_constraint_c001_r01	24	1	640	640	3.746	2.399298	266.745	none	NA	not_measured	0	0	100	1	0	0	1.0	10.0	constraint_sweep	1
showcase_constraint_c001_r02	24	1	640	640	3.655	2.339321	273.584	none	NA	not_measured	0	0	100	1	0	0	1.0	10.0	constraint_sweep	2
showcase_constraint_c001_r03	24	1	640	640	2.856	1.827944	350.120	none	NA	not_measured	0	0	100	1	0	0	1.0	10.0	constraint_sweep	3
showcase_constraint_c001_r04	24	1	640	640	2.845	1.822128	351.238	none	NA	not_measured	0	0	100	1	0	0	1.0	10.0	constraint_sweep	4
showcase_constraint_c001_r05	24	1	640	640	2.631	1.684863	379.853	none	NA	not_measured	0	0	100	1	0	0	1.0	10.0	constraint_sweep	5
showcase_constraint_c002_r01	24	2	640	640	5.208	3.333369	191.998	none	NA	not_measured	0	0	100	1	0	0	1.0	10.0	constraint_sweep	1
showcase_constraint_c002_r02	24	2	640	640	5.190	3.322874	192.604	none	NA	not_measured	0	0	100	1	0	0	1.0	10.0	constraint_sweep	2
showcase_constraint_c002_r03	24	2	640	640	5.157	3.301698	193.840	none	NA	not_measured	0	0	100	1	0	0	1.0	10.0	constraint_sweep	3
showcase_constraint_c002_r04	24	2	640	640	5.070	3.245983	197.167	none	NA	not_measured	0	0	100	1	0	0	1.0	10.0	constraint_sweep	4
showcase_constraint_c002_r05	24	2	640	640	5.186	3.320812	192.724	none	NA	not_measured	0	0	100	1	0	0	1.0	10.0	constraint_sweep	5
showcase_constraint_c004_r01	24	4	640	640	10.281	6.581438	97.243	none	NA	not_measured	0	0	100	1	0	0	1.0	10.0	constraint_sweep	1
showcase_constraint_c004_r02	24	4	640	640	10.121	6.479101	98.779	none	NA	not_measured	0	0	100	1	0	0	1.0	10.0	constraint_sweep	2
showcase_constraint_c004_r03	24	4	640	640	10.046	6.430957	99.519	none	NA	not_measured	0	0	100	1	0	0	1.0	10.0	constraint_sweep	3
showcase_constraint_c004_r04	24	4	640	640	10.467	6.700824	95.511	none	NA	not_measured	0	0	100	1	0	0	1.0	10.0	constraint_sweep	4
showcase_constraint_c004_r05	24	4	640	640	12.198	7.808004	81.967	none	NA	not_measured	0	0	100	1	0	0	1.0	10.0	constraint_sweep	5
showcase_constraint_c006_r01	24	6	640	640	15.143	9.692855	66.028	none	NA	not_measured	0	0	100	1	0	0	1.0	10.0	constraint_sweep	1
showcase_constraint_c006_r02	24	6	640	640	15.037	9.623962	66.501	none	NA	not_measured	0	0	100	1	0	0	1.0	10.0	constraint_sweep	2
showcase_constraint_c006_r03	24	6	640	640	15.063	9.641573	66.379	none	NA	not_measured	0	0	100	1	0	0	1.0	10.0	constraint_sweep	3
showcase_constraint_c006_r04	24	6	640	640	15.013	9.609800	66.599	none	NA	not_measured	0	0	100	1	0	0	1.0	10.0	constraint_sweep	4
showcase_constraint_c006_r05	24	6	640	640	15.010	9.607668	66.613	none	NA	not_measured	0	0	100	1	0	0	1.0	10.0	constraint_sweep	5
showcase_constraint_c008_r01	24	8	640	640	20.021	12.814880	49.942	none	NA	not_measured	0	0	100	1	0	0	1.0	10.0	constraint_sweep	1
showcase_constraint_c008_r02	24	8	640	640	20.091	12.859943	49.767	none	NA	not_measured	0	0	100	1	0	0	1.0	10.0	constraint_sweep	2
showcase_constraint_c008_r03	24	8	640	640	19.975	12.785458	50.057	none	NA	not_measured	0	0	100	1	0	0	1.0	10.0	constraint_sweep	3
showcase_constraint_c008_r04	24	8	640	640	20.170	12.910235	49.573	none	NA	not_measured	0	0	100	1	0	0	1.0	10.0	constraint_sweep	4
showcase_constraint_c008_r05	24	8	640	640	20.308	12.998789	49.235	none	NA	not_measured	0	0	100	1	0	0	1.0	10.0	constraint_sweep	5
showcase_constraint_c010_r01	24	10	640	640	24.948	15.968070	40.080	none	NA	not_measured	0	0	100	1	0	0	1.0	10.0	constraint_sweep	1
showcase_constraint_c010_r02	24	10	640	640	25.094	16.061923	39.846	none	NA	not_measured	0	0	100	1	0	0	1.0	10.0	constraint_sweep	2
showcase_constraint_c010_r03	24	10	640	640	24.794	15.869301	40.329	none	NA	not_measured	0	0	100	1	0	0	1.0	10.0	constraint_sweep	3
showcase_constraint_c010_r04	24	10	640	640	24.992	15.996167	40.010	none	NA	not_measured	0	0	100	1	0	0	1.0	10.0	constraint_sweep	4
showcase_constraint_c010_r05	24	10	640	640	25.403	16.259569	39.361	none	NA	not_measured	0	0	100	1	0	0	1.0	10.0	constraint_sweep	5
showcase_constraint_c012_r01	24	12	640	640	29.772	19.055448	33.586	none	NA	not_measured	0	0	100	1	0	0	1.0	10.0	constraint_sweep	1
showcase_constraint_c012_r02	24	12	640	640	29.781	19.061623	33.575	none	NA	not_measured	0	0	100	1	0	0	1.0	10.0	constraint_sweep	2
showcase_constraint_c012_r03	24	12	640	640	30.025	19.215889	33.306	none	NA	not_measured	0	0	100	1	0	0	1.0	10.0	constraint_sweep	3
showcase_constraint_c012_r04	24	12	640	640	30.409	19.463160	32.883	none	NA	not_measured	0	0	100	1	0	0	1.0	10.0	constraint_sweep	4
showcase_constraint_c012_r05	24	12	640	640	29.882	19.125827	33.463	none	NA	not_measured	0	0	100	1	0	0	1.0	10.0	constraint_sweep	5
showcase_constraint_c014_r01	24	14	640	640	35.338	22.618021	28.296	none	NA	not_measured	0	0	100	1	0	0	1.0	10.0	constraint_sweep	1
showcase_constraint_c014_r02	24	14	640	640	38.234	24.469962	26.155	none	NA	not_measured	0	0	100	1	0	0	1.0	10.0	constraint_sweep	2
showcase_constraint_c014_r03	24	14	640	640	38.343	24.541328	26.078	none	NA	not_measured	0	0	100	1	0	0	1.0	10.0	constraint_sweep	3
showcase_constraint_c014_r04	24	14	640	640	34.690	22.203276	28.825	none	NA	not_measured	0	0	100	1	0	0	1.0	10.0	constraint_sweep	4
showcase_constraint_c014_r05	24	14	640	640	34.692	22.204120	28.823	none	NA	not_measured	0	0	100	1	0	0	1.0	10.0	constraint_sweep	5
showcase_constraint_c016_r01	24	16	640	640	40.100	25.665260	24.936	none	NA	not_measured	0	0	100	1	0	0	1.0	10.0	constraint_sweep	1
showcase_constraint_c016_r02	24	16	640	640	39.915	25.545731	25.053	none	NA	not_measured	0	0	100	1	0	0	1.0	10.0	constraint_sweep	2
showcase_constraint_c016_r03	24	16	640	640	39.763	25.449953	25.147	none	NA	not_measured	0	0	100	1	0	0	1.0	10.0	constraint_sweep	3
showcase_constraint_c016_r04	24	16	640	640	40.032	25.622089	24.978	none	NA	not_measured	0	0	100	1	0	0	1.0	10.0	constraint_sweep	4
showcase_constraint_c016_r05	24	16	640	640	42.114	26.954605	23.744	none	NA	not_measured	0	0	100	1	0	0	1.0	10.0	constraint_sweep	5
showcase_constraint_c018_r01	24	18	640	640	44.653	28.579181	22.394	none	NA	not_measured	0	0	100	1	0	0	1.0	10.0	constraint_sweep	1
showcase_constraint_c018_r02	24	18	640	640	45.815	29.323112	21.826	none	NA	not_measured	0	0	100	1	0	0	1.0	10.0	constraint_sweep	2
showcase_constraint_c018_r03	24	18	640	640	45.150	28.897706	22.147	none	NA	not_measured	0	0	100	1	0	0	1.0	10.0	constraint_sweep	3
showcase_constraint_c018_r04	24	18	640	640	44.968	28.781291	22.237	none	NA	not_measured	0	0	100	1	0	0	1.0	10.0	constraint_sweep	4
showcase_constraint_c018_r05	24	18	640	640	49.744	31.838002	20.102	none	NA	not_measured	0	0	100	1	0	0	1.0	10.0	constraint_sweep	5
showcase_constraint_c020_r01	24	20	640	640	51.869	33.197727	19.278	none	NA	not_measured	0	0	100	1	0	0	1.0	10.0	constraint_sweep	1
showcase_constraint_c020_r02	24	20	640	640	56.623	36.240747	17.660	none	NA	not_measured	0	0	100	1	0	0	1.0	10.0	constraint_sweep	2
showcase_constraint_c020_r03	24	20	640	640	53.808	34.438974	18.584	none	NA	not_measured	0	0	100	1	0	0	1.0	10.0	constraint_sweep	3
showcase_constraint_c020_r04	24	20	640	640	52.555	33.636699	19.027	none	NA	not_measured	0	0	100	1	0	0	1.0	10.0	constraint_sweep	4
showcase_constraint_c020_r05	24	20	640	640	50.334	32.215323	19.866	none	NA	not_measured	0	0	100	1	0	0	1.0	10.0	constraint_sweep	5
showcase_constraint_c024_r01	24	24	640	640	60.552	38.754635	16.514	none	NA	not_measured	0	0	100	1	0	0	1.0	10.0	constraint_sweep	1
showcase_constraint_c024_r02	24	24	640	640	63.409	40.583088	15.770	none	NA	not_measured	0	0	100	1	0	0	1.0	10.0	constraint_sweep	2
showcase_constraint_c024_r03	24	24	640	640	62.954	40.292836	15.884	none	NA	not_measured	0	0	100	1	0	0	1.0	10.0	constraint_sweep	3
showcase_constraint_c024_r04	24	24	640	640	64.169	41.070231	15.583	none	NA	not_measured	0	0	100	1	0	0	1.0	10.0	constraint_sweep	4
showcase_constraint_c024_r05	24	24	640	640	64.605	41.348642	15.478	none	NA	not_measured	0	0	100	1	0	0	1.0	10.0	constraint_sweep	5
showcase_history_h000_r01	24	6	960	960	15.897	15.264139	62.893	none	NA	not_measured	0	0	100	1	0	0	1.0	10.0	history_sweep	1
showcase_history_h000_r02	24	6	960	960	15.781	15.152707	63.355	none	NA	not_measured	0	0	100	1	0	0	1.0	10.0	history_sweep	2
showcase_history_h000_r03	24	6	960	960	16.319	15.668932	61.268	none	NA	not_measured	0	0	100	1	0	0	1.0	10.0	history_sweep	3
showcase_history_h000_r04	24	6	960	960	16.133	15.490151	61.975	none	NA	not_measured	0	0	100	1	0	0	1.0	10.0	history_sweep	4
showcase_history_h000_r05	24	6	960	960	15.847	15.215673	63.093	none	NA	not_measured	0	0	100	1	0	0	1.0	10.0	history_sweep	5
showcase_history_h001_r01	24	6	960	960	17.417	16.722958	57.406	none	NA	not_measured	1	0	100	1	0	0	1.0	10.0	history_sweep	1
showcase_history_h001_r02	24	6	960	960	17.445	16.749677	57.315	none	NA	not_measured	1	0	100	1	0	0	1.0	10.0	history_sweep	2
showcase_history_h001_r03	24	6	960	960	16.144	15.501101	61.931	none	NA	not_measured	1	0	100	1	0	0	1.0	10.0	history_sweep	3
showcase_history_h001_r04	24	6	960	960	16.377	15.721646	61.062	none	NA	not_measured	1	0	100	1	0	0	1.0	10.0	history_sweep	4
showcase_history_h001_r05	24	6	960	960	17.722	17.015500	56.419	none	NA	not_measured	1	0	100	1	0	0	1.0	10.0	history_sweep	5
showcase_history_h002_r01	24	6	960	960	17.536	16.837046	57.017	none	NA	not_measured	2	0	100	1	0	0	1.0	10.0	history_sweep	1
showcase_history_h002_r02	24	6	960	960	18.996	18.243664	52.621	none	NA	not_measured	2	0	100	1	0	0	1.0	10.0	history_sweep	2
showcase_history_h002_r03	24	6	960	960	17.253	16.565786	57.951	none	NA	not_measured	2	0	100	1	0	0	1.0	10.0	history_sweep	3
showcase_history_h002_r04	24	6	960	960	17.250	16.562236	57.963	none	NA	not_measured	2	0	100	1	0	0	1.0	10.0	history_sweep	4
showcase_history_h002_r05	24	6	960	960	17.265	16.576847	57.912	none	NA	not_measured	2	0	100	1	0	0	1.0	10.0	history_sweep	5
showcase_history_h004_r01	24	6	960	960	17.229	16.542821	58.031	none	NA	not_measured	4	0	100	1	0	0	1.0	10.0	history_sweep	1
showcase_history_h004_r02	24	6	960	960	17.358	16.666380	57.601	none	NA	not_measured	4	0	100	1	0	0	1.0	10.0	history_sweep	2
showcase_history_h004_r03	24	6	960	960	17.604	16.902743	56.796	none	NA	not_measured	4	0	100	1	0	0	1.0	10.0	history_sweep	3
showcase_history_h004_r04	24	6	960	960	17.382	16.689362	57.522	none	NA	not_measured	4	0	100	1	0	0	1.0	10.0	history_sweep	4
showcase_history_h004_r05	24	6	960	960	20.291	19.482903	49.274	none	NA	not_measured	4	0	100	1	0	0	1.0	10.0	history_sweep	5
showcase_history_h006_r01	24	6	960	960	18.372	17.640257	54.421	none	NA	not_measured	6	0	100	1	0	0	1.0	10.0	history_sweep	1
showcase_history_h006_r02	24	6	960	960	18.038	17.319723	55.428	none	NA	not_measured	6	0	100	1	0	0	1.0	10.0	history_sweep	2
showcase_history_h006_r03	24	6	960	960	17.527	16.829063	57.044	none	NA	not_measured	6	0	100	1	0	0	1.0	10.0	history_sweep	3
showcase_history_h006_r04	24	6	960	960	17.818	17.108352	56.113	none	NA	not_measured	6	0	100	1	0	0	1.0	10.0	history_sweep	4
showcase_history_h006_r05	24	6	960	960	17.226	16.540055	58.041	none	NA	not_measured	6	0	100	1	0	0	1.0	10.0	history_sweep	5
showcase_history_h008_r01	24	6	960	960	17.887	17.174137	55.898	none	NA	not_measured	8	0	100	1	0	0	1.0	10.0	history_sweep	1
showcase_history_h008_r02	24	6	960	960	17.676	16.971827	56.564	none	NA	not_measured	8	0	100	1	0	0	1.0	10.0	history_sweep	2
showcase_history_h008_r03	24	6	960	960	17.221	16.534381	58.061	none	NA	not_measured	8	0	100	1	0	0	1.0	10.0	history_sweep	3
showcase_history_h008_r04	24	6	960	960	17.291	16.602068	57.824	none	NA	not_measured	8	0	100	1	0	0	1.0	10.0	history_sweep	4
showcase_history_h008_r05	24	6	960	960	15.693	15.068016	63.711	none	NA	not_measured	8	0	100	1	0	0	1.0	10.0	history_sweep	5
showcase_history_h010_r01	24	6	960	960	15.890	15.256342	62.925	none	NA	not_measured	10	0	100	1	0	0	1.0	10.0	history_sweep	1
showcase_history_h010_r02	24	6	960	960	16.174	15.529077	61.820	none	NA	not_measured	10	0	100	1	0	0	1.0	10.0	history_sweep	2
showcase_history_h010_r03	24	6	960	960	18.158	17.435083	55.061	none	NA	not_measured	10	0	100	1	0	0	1.0	10.0	history_sweep	3
showcase_history_h010_r04	24	6	960	960	17.723	17.016853	56.415	none	NA	not_measured	10	0	100	1	0	0	1.0	10.0	history_sweep	4
showcase_history_h010_r05	24	6	960	960	15.780	15.150762	63.363	none	NA	not_measured	10	0	100	1	0	0	1.0	10.0	history_sweep	5
showcase_history_h012_r01	24	6	960	960	15.799	15.168975	63.287	none	NA	not_measured	12	0	100	1	0	0	1.0	10.0	history_sweep	1
showcase_history_h012_r02	24	6	960	960	15.814	15.183376	63.227	none	NA	not_measured	12	0	100	1	0	0	1.0	10.0	history_sweep	2
showcase_history_h012_r03	24	6	960	960	15.791	15.159557	63.326	none	NA	not_measured	12	0	100	1	0	0	1.0	10.0	history_sweep	3
showcase_history_h012_r04	24	6	960	960	17.419	16.725036	57.399	none	NA	not_measured	12	0	100	1	0	0	1.0	10.0	history_sweep	4
showcase_history_h012_r05	24	6	960	960	17.234	16.547221	58.016	none	NA	not_measured	12	0	100	1	0	0	1.0	10.0	history_sweep	5
showcase_history_h016_r01	24	6	960	960	17.058	16.378053	58.615	none	NA	not_measured	16	0	100	1	0	0	1.0	10.0	history_sweep	1
showcase_history_h016_r02	24	6	960	960	17.349	16.657085	57.633	none	NA	not_measured	16	0	100	1	0	0	1.0	10.0	history_sweep	2
showcase_history_h016_r03	24	6	960	960	17.366	16.674135	57.574	none	NA	not_measured	16	0	100	1	0	0	1.0	10.0	history_sweep	3
showcase_history_h016_r04	24	6	960	960	16.408	15.753772	60.938	none	NA	not_measured	16	0	100	1	0	0	1.0	10.0	history_sweep	4
showcase_history_h016_r05	24	6	960	960	16.106	15.464458	62.078	none	NA	not_measured	16	0	100	1	0	0	1.0	10.0	history_sweep	5
showcase_history_h020_r01	24	6	960	960	15.904	15.270276	62.867	none	NA	not_measured	20	0	100	1	0	0	1.0	10.0	history_sweep	1
showcase_history_h020_r02	24	6	960	960	15.758	15.130243	63.449	none	NA	not_measured	20	0	100	1	0	0	1.0	10.0	history_sweep	2
showcase_history_h020_r03	24	6	960	960	15.749	15.121309	63.487	none	NA	not_measured	20	0	100	1	0	0	1.0	10.0	history_sweep	3
showcase_history_h020_r04	24	6	960	960	15.780	15.151257	63.361	none	NA	not_measured	20	0	100	1	0	0	1.0	10.0	history_sweep	4
showcase_history_h020_r05	24	6	960	960	15.645	15.021602	63.908	none	NA	not_measured	20	0	100	1	0	0	1.0	10.0	history_sweep	5
showcase_periodic_p000_r01	24	6	960	960	15.848	15.216410	63.090	none	NA	not_measured	0	0	100	1	0	0	1.0	10.0	periodic_sweep	1
showcase_periodic_p000_r02	24	6	960	960	15.806	15.176357	63.256	none	NA	not_measured	0	0	100	1	0	0	1.0	10.0	periodic_sweep	2
showcase_periodic_p000_r03	24	6	960	960	15.903	15.269462	62.871	none	NA	not_measured	0	0	100	1	0	0	1.0	10.0	periodic_sweep	3
showcase_periodic_p000_r04	24	6	960	960	15.742	15.114224	63.516	none	NA	not_measured	0	0	100	1	0	0	1.0	10.0	periodic_sweep	4
showcase_periodic_p000_r05	24	6	960	960	15.750	15.122156	63.483	none	NA	not_measured	0	0	100	1	0	0	1.0	10.0	periodic_sweep	5
showcase_periodic_p001_r01	24	6	960	960	15.887	15.253628	62.936	none	NA	not_measured	0	1	100	1	0	0	1.0	10.0	periodic_sweep	1
showcase_periodic_p001_r02	24	6	960	960	15.613	14.990390	64.041	none	NA	not_measured	0	1	100	1	0	0	1.0	10.0	periodic_sweep	2
showcase_periodic_p001_r03	24	6	960	960	15.583	14.961852	64.163	none	NA	not_measured	0	1	100	1	0	0	1.0	10.0	periodic_sweep	3
showcase_periodic_p001_r04	24	6	960	960	15.784	15.155882	63.342	none	NA	not_measured	0	1	100	1	0	0	1.0	10.0	periodic_sweep	4
showcase_periodic_p001_r05	24	6	960	960	15.740	15.112533	63.523	none	NA	not_measured	0	1	100	1	0	0	1.0	10.0	periodic_sweep	5
showcase_periodic_p002_r01	24	6	960	960	16.830	16.159259	59.409	none	NA	not_measured	0	2	100	1	0	0	1.0	10.0	periodic_sweep	1
showcase_periodic_p002_r02	24	6	960	960	17.728	17.021478	56.399	none	NA	not_measured	0	2	100	1	0	0	1.0	10.0	periodic_sweep	2
showcase_periodic_p002_r03	24	6	960	960	17.481	16.784779	57.195	none	NA	not_measured	0	2	100	1	0	0	1.0	10.0	periodic_sweep	3
showcase_periodic_p002_r04	24	6	960	960	19.307	18.537419	51.787	none	NA	not_measured	0	2	100	1	0	0	1.0	10.0	periodic_sweep	4
showcase_periodic_p002_r05	24	6	960	960	18.485	17.749179	54.087	none	NA	not_measured	0	2	100	1	0	0	1.0	10.0	periodic_sweep	5
showcase_periodic_p004_r01	24	6	960	960	18.749	18.002433	53.326	none	NA	not_measured	0	4	100	1	0	0	1.0	10.0	periodic_sweep	1
showcase_periodic_p004_r02	24	6	960	960	19.132	18.369653	52.260	none	NA	not_measured	0	4	100	1	0	0	1.0	10.0	periodic_sweep	2
showcase_periodic_p004_r03	24	6	960	960	17.885	17.172712	55.903	none	NA	not_measured	0	4	100	1	0	0	1.0	10.0	periodic_sweep	3
showcase_periodic_p004_r04	24	6	960	960	19.775	18.991465	50.549	none	NA	not_measured	0	4	100	1	0	0	1.0	10.0	periodic_sweep	4
showcase_periodic_p004_r05	24	6	960	960	20.641	19.817912	48.441	none	NA	not_measured	0	4	100	1	0	0	1.0	10.0	periodic_sweep	5
showcase_periodic_p006_r01	24	6	960	960	16.606	15.944810	60.208	none	NA	not_measured	0	6	100	1	0	0	1.0	10.0	periodic_sweep	1
showcase_periodic_p006_r02	24	6	960	960	18.554	17.815061	53.887	none	NA	not_measured	0	6	100	1	0	0	1.0	10.0	periodic_sweep	2
showcase_periodic_p006_r03	24	6	960	960	17.348	16.656574	57.635	none	NA	not_measured	0	6	100	1	0	0	1.0	10.0	periodic_sweep	3
showcase_periodic_p006_r04	24	6	960	960	17.886	17.173487	55.900	none	NA	not_measured	0	6	100	1	0	0	1.0	10.0	periodic_sweep	4
showcase_periodic_p006_r05	24	6	960	960	18.356	17.624802	54.469	none	NA	not_measured	0	6	100	1	0	0	1.0	10.0	periodic_sweep	5
showcase_periodic_p008_r01	24	6	960	960	19.600	18.819047	51.012	none	NA	not_measured	0	8	100	1	0	0	1.0	10.0	periodic_sweep	1
showcase_periodic_p008_r02	24	6	960	960	18.913	18.158818	52.867	none	NA	not_measured	0	8	100	1	0	0	1.0	10.0	periodic_sweep	2
showcase_periodic_p008_r03	24	6	960	960	19.639	18.855707	50.913	none	NA	not_measured	0	8	100	1	0	0	1.0	10.0	periodic_sweep	3
showcase_periodic_p008_r04	24	6	960	960	18.145	17.421627	55.104	none	NA	not_measured	0	8	100	1	0	0	1.0	10.0	periodic_sweep	4
showcase_periodic_p008_r05	24	6	960	960	19.694	18.908287	50.771	none	NA	not_measured	0	8	100	1	0	0	1.0	10.0	periodic_sweep	5
showcase_periodic_p010_r01	24	6	960	960	18.052	17.332699	55.387	none	NA	not_measured	0	10	100	1	0	0	1.0	10.0	periodic_sweep	1
showcase_periodic_p010_r02	24	6	960	960	17.958	17.242125	55.678	none	NA	not_measured	0	10	100	1	0	0	1.0	10.0	periodic_sweep	2
showcase_periodic_p010_r03	24	6	960	960	18.154	17.430048	55.077	none	NA	not_measured	0	10	100	1	0	0	1.0	10.0	periodic_sweep	3
showcase_periodic_p010_r04	24	6	960	960	19.447	18.672068	51.414	none	NA	not_measured	0	10	100	1	0	0	1.0	10.0	periodic_sweep	4
showcase_periodic_p010_r05	24	6	960	960	20.373	19.561011	49.077	none	NA	not_measured	0	10	100	1	0	0	1.0	10.0	periodic_sweep	5
showcase_periodic_p012_r01	24	6	960	960	21.316	20.465812	46.907	none	NA	not_measured	0	12	100	1	0	0	1.0	10.0	periodic_sweep	1
showcase_periodic_p012_r02	24	6	960	960	18.073	17.352937	55.322	none	NA	not_measured	0	12	100	1	0	0	1.0	10.0	periodic_sweep	2
showcase_periodic_p012_r03	24	6	960	960	19.977	19.180095	50.052	none	NA	not_measured	0	12	100	1	0	0	1.0	10.0	periodic_sweep	3
showcase_periodic_p012_r04	24	6	960	960	18.203	17.477204	54.929	none	NA	not_measured	0	12	100	1	0	0	1.0	10.0	periodic_sweep	4
showcase_periodic_p012_r05	24	6	960	960	18.354	17.621970	54.477	none	NA	not_measured	0	12	100	1	0	0	1.0	10.0	periodic_sweep	5
showcase_periodic_p016_r01	24	6	960	960	18.141	17.417612	55.117	none	NA	not_measured	0	16	100	1	0	0	1.0	10.0	periodic_sweep	1
showcase_periodic_p016_r02	24	6	960	960	18.167	17.442873	55.037	none	NA	not_measured	0	16	100	1	0	0	1.0	10.0	periodic_sweep	2
showcase_periodic_p016_r03	24	6	960	960	17.916	17.202249	55.807	none	NA	not_measured	0	16	100	1	0	0	1.0	10.0	periodic_sweep	3
showcase_periodic_p016_r04	24	6	960	960	18.152	17.428044	55.084	none	NA	not_measured	0	16	100	1	0	0	1.0	10.0	periodic_sweep	4
showcase_periodic_p016_r05	24	6	960	960	18.173	17.448860	55.018	none	NA	not_measured	0	16	100	1	0	0	1.0	10.0	periodic_sweep	5
showcase_periodic_p020_r01	24	6	960	960	18.004	17.283473	55.544	none	NA	not_measured	0	20	100	1	0	0	1.0	10.0	periodic_sweep	1
showcase_periodic_p020_r02	24	6	960	960	17.824	17.113655	56.096	none	NA	not_measured	0	20	100	1	0	0	1.0	10.0	periodic_sweep	2
showcase_periodic_p020_r03	24	6	960	960	17.926	17.208538	55.786	none	NA	not_measured	0	20	100	1	0	0	1.0	10.0	periodic_sweep	3
showcase_periodic_p020_r04	24	6	960	960	17.831	17.120888	56.072	none	NA	not_measured	0	20	100	1	0	0	1.0	10.0	periodic_sweep	4
showcase_periodic_p020_r05	24	6	960	960	18.168	17.443971	55.033	none	NA	not_measured	0	20	100	1	0	0	1.0	10.0	periodic_sweep	5
showcase_matrix_o004_c002_r01	4	2	240	240	0.146	0.035090	6839.555	none	NA	not_measured	0	0	100	1	0	0	1.0	10.0	matrix_sweep	1
showcase_matrix_o004_c002_r02	4	2	240	240	0.145	0.034831	6890.414	none	NA	not_measured	0	0	100	1	0	0	1.0	10.0	matrix_sweep	2
showcase_matrix_o004_c002_r03	4	2	240	240	0.154	0.037020	6482.982	none	NA	not_measured	0	0	100	1	0	0	1.0	10.0	matrix_sweep	3
showcase_matrix_o004_c004_r01	4	4	240	240	0.270	0.064927	3696.459	none	NA	not_measured	0	0	100	1	0	0	1.0	10.0	matrix_sweep	1
showcase_matrix_o004_c004_r02	4	4	240	240	0.367	0.088112	2723.806	none	NA	not_measured	0	0	100	1	0	0	1.0	10.0	matrix_sweep	2
showcase_matrix_o004_c004_r03	4	4	240	240	0.262	0.062961	3811.884	none	NA	not_measured	0	0	100	1	0	0	1.0	10.0	matrix_sweep	3
showcase_matrix_o004_c006_r01	4	6	240	240	0.395	0.094855	2530.178	none	NA	not_measured	0	0	100	1	0	0	1.0	10.0	matrix_sweep	1
showcase_matrix_o004_c006_r02	4	6	240	240	0.488	0.117154	2048.586	none	NA	not_measured	0	0	100	1	0	0	1.0	10.0	matrix_sweep	2
showcase_matrix_o004_c006_r03	4	6	240	240	0.398	0.095648	2509.200	none	NA	not_measured	0	0	100	1	0	0	1.0	10.0	matrix_sweep	3
showcase_matrix_o004_c008_r01	4	8	240	240	0.525	0.126124	1902.889	none	NA	not_measured	0	0	100	1	0	0	1.0	10.0	matrix_sweep	1
showcase_matrix_o004_c008_r02	4	8	240	240	0.672	0.161463	1486.409	none	NA	not_measured	0	0	100	1	0	0	1.0	10.0	matrix_sweep	2
showcase_matrix_o004_c008_r03	4	8	240	240	0.542	0.130287	1842.087	none	NA	not_measured	0	0	100	1	0	0	1.0	10.0	matrix_sweep	3
showcase_matrix_o004_c012_r01	4	12	240	240	0.888	0.213458	1124.343	none	NA	not_measured	0	0	100	1	0	0	1.0	10.0	matrix_sweep	1
showcase_matrix_o004_c012_r02	4	12	240	240	0.859	0.206349	1163.078	none	NA	not_measured	0	0	100	1	0	0	1.0	10.0	matrix_sweep	2
showcase_matrix_o004_c012_r03	4	12	240	240	0.913	0.219158	1095.100	none	NA	not_measured	0	0	100	1	0	0	1.0	10.0	matrix_sweep	3
showcase_matrix_o004_c016_r01	4	16	240	240	1.055	0.253282	947.560	none	NA	not_measured	0	0	100	1	0	0	1.0	10.0	matrix_sweep	1
showcase_matrix_o004_c016_r02	4	16	240	240	1.145	0.275306	871.757	none	NA	not_measured	0	0	100	1	0	0	1.0	10.0	matrix_sweep	2
showcase_matrix_o004_c016_r03	4	16	240	240	1.184	0.284441	843.760	none	NA	not_measured	0	0	100	1	0	0	1.0	10.0	matrix_sweep	3
showcase_matrix_o004_c020_r01	4	20	240	240	1.520	0.365102	657.351	none	NA	not_measured	0	0	100	1	0	0	1.0	10.0	matrix_sweep	1
showcase_matrix_o004_c020_r02	4	20	240	240	1.385	0.333181	720.329	none	NA	not_measured	0	0	100	1	0	0	1.0	10.0	matrix_sweep	2
showcase_matrix_o004_c020_r03	4	20	240	240	1.298	0.311846	769.611	none	NA	not_measured	0	0	100	1	0	0	1.0	10.0	matrix_sweep	3
showcase_matrix_o008_c002_r01	8	2	240	240	0.656	0.157750	1521.395	none	NA	not_measured	0	0	100	1	0	0	1.0	10.0	matrix_sweep	1
showcase_matrix_o008_c002_r02	8	2	240	240	0.568	0.136533	1757.817	none	NA	not_measured	0	0	100	1	0	0	1.0	10.0	matrix_sweep	2
showcase_matrix_o008_c002_r03	8	2	240	240	0.622	0.149598	1604.300	none	NA	not_measured	0	0	100	1	0	0	1.0	10.0	matrix_sweep	3
showcase_matrix_o008_c004_r01	8	4	240	240	1.177	0.282733	848.857	none	NA	not_measured	0	0	100	1	0	0	1.0	10.0	matrix_sweep	1
showcase_matrix_o008_c004_r02	8	4	240	240	1.263	0.303022	792.022	none	NA	not_measured	0	0	100	1	0	0	1.0	10.0	matrix_sweep	2
showcase_matrix_o008_c004_r03	8	4	240	240	1.341	0.321750	745.921	none	NA	not_measured	0	0	100	1	0	0	1.0	10.0	matrix_sweep	3
showcase_matrix_o008_c006_r01	8	6	240	240	1.699	0.407986	588.255	none	NA	not_measured	0	0	100	1	0	0	1.0	10.0	matrix_sweep	1
showcase_matrix_o008_c006_r02	8	6	240	240	1.859	0.446518	537.492	none	NA	not_measured	0	0	100	1	0	0	1.0	10.0	matrix_sweep	2
showcase_matrix_o008_c006_r03	8	6	240	240	1.814	0.435760	550.762	none	NA	not_measured	0	0	100	1	0	0	1.0	10.0	matrix_sweep	3
showcase_matrix_o008_c008_r01	8	8	240	240	2.510	0.602475	398.357	none	NA	not_measured	0	0	100	1	0	0	1.0	10.0	matrix_sweep	1
showcase_matrix_o008_c008_r02	8	8	240	240	2.525	0.606456	395.742	none	NA	not_measured	0	0	100	1	0	0	1.0	10.0	matrix_sweep	2
showcase_matrix_o008_c008_r03	8	8	240	240	2.448	0.587980	408.177	none	NA	not_measured	0	0	100	1	0	0	1.0	10.0	matrix_sweep	3
showcase_matrix_o008_c012_r01	8	12	240	240	3.650	0.876327	273.870	none	NA	not_measured	0	0	100	1	0	0	1.0	10.0	matrix_sweep	1
showcase_matrix_o008_c012_r02	8	12	240	240	3.699	0.888280	270.185	none	NA	not_measured	0	0	100	1	0	0	1.0	10.0	matrix_sweep	2
showcase_matrix_o008_c012_r03	8	12	240	240	3.600	0.864506	277.615	none	NA	not_measured	0	0	100	1	0	0	1.0	10.0	matrix_sweep	3
showcase_matrix_o008_c016_r01	8	16	240	240	4.978	1.195294	200.787	none	NA	not_measured	0	0	100	1	0	0	1.0	10.0	matrix_sweep	1
showcase_matrix_o008_c016_r02	8	16	240	240	5.067	1.216576	197.275	none	NA	not_measured	0	0	100	1	0	0	1.0	10.0	matrix_sweep	2
showcase_matrix_o008_c016_r03	8	16	240	240	4.871	1.169009	205.302	none	NA	not_measured	0	0	100	1	0	0	1.0	10.0	matrix_sweep	3
showcase_matrix_o008_c020_r01	8	20	240	240	6.258	1.502567	159.727	none	NA	not_measured	0	0	100	1	0	0	1.0	10.0	matrix_sweep	1
showcase_matrix_o008_c020_r02	8	20	240	240	6.210	1.490885	160.978	none	NA	not_measured	0	0	100	1	0	0	1.0	10.0	matrix_sweep	2
showcase_matrix_o008_c020_r03	8	20	240	240	6.352	1.525191	157.357	none	NA	not_measured	0	0	100	1	0	0	1.0	10.0	matrix_sweep	3
showcase_matrix_o012_c002_r01	12	2	240	240	1.320	0.316996	757.107	none	NA	not_measured	0	0	100	1	0	0	1.0	10.0	matrix_sweep	1
showcase_matrix_o012_c002_r02	12	2	240	240	1.598	0.383952	625.078	none	NA	not_measured	0	0	100	1	0	0	1.0	10.0	matrix_sweep	2
showcase_matrix_o012_c002_r03	12	2	240	240	1.451	0.348492	688.682	none	NA	not_measured	0	0	100	1	0	0	1.0	10.0	matrix_sweep	3
showcase_matrix_o012_c004_r01	12	4	240	240	3.047	0.731802	327.958	none	NA	not_measured	0	0	100	1	0	0	1.0	10.0	matrix_sweep	1
showcase_matrix_o012_c004_r02	12	4	240	240	2.848	0.684146	350.802	none	NA	not_measured	0	0	100	1	0	0	1.0	10.0	matrix_sweep	2
showcase_matrix_o012_c004_r03	12	4	240	240	2.957	0.710172	337.946	none	NA	not_measured	0	0	100	1	0	0	1.0	10.0	matrix_sweep	3
showcase_matrix_o012_c006_r01	12	6	240	240	4.158	0.998388	240.388	none	NA	not_measured	0	0	100	1	0	0	1.0	10.0	matrix_sweep	1
showcase_matrix_o012_c006_r02	12	6	240	240	4.471	1.073471	223.574	none	NA	not_measured	0	0	100	1	0	0	1.0	10.0	matrix_sweep	2
showcase_matrix_o012_c006_r03	12	6	240	240	4.170	1.001259	239.698	none	NA	not_measured	0	0	100	1	0	0	1.0	10.0	matrix_sweep	3
showcase_matrix_o012_c008_r01	12	8	240	240	5.469	1.313140	182.768	none	NA	not_measured	0	0	100	1	0	0	1.0	10.0	matrix_sweep	1
showcase_matrix_o012_c008_r02	12	8	240	240	5.917	1.420495	168.955	none	NA	not_measured	0	0	100	1	0	0	1.0	10.0	matrix_sweep	2
showcase_matrix_o012_c008_r03	12	8	240	240	6.019	1.445277	166.058	none	NA	not_measured	0	0	100	1	0	0	1.0	10.0	matrix_sweep	3
showcase_matrix_o012_c012_r01	12	12	240	240	8.994	2.159300	111.147	none	NA	not_measured	0	0	100	1	0	0	1.0	10.0	matrix_sweep	1
showcase_matrix_o012_c012_r02	12	12	240	240	8.744	2.102586	114.145	none	NA	not_measured	0	0	100	1	0	0	1.0	10.0	matrix_sweep	2
showcase_matrix_o012_c012_r03	12	12	240	240	8.371	2.009679	119.422	none	NA	not_measured	0	0	100	1	0	0	1.0	10.0	matrix_sweep	3
showcase_matrix_o012_c016_r01	12	16	240	240	11.237	2.697490	88.972	none	NA	not_measured	0	0	100	1	0	0	1.0	10.0	matrix_sweep	1
showcase_matrix_o012_c016_r02	12	16	240	240	11.264	2.703988	88.758	none	NA	not_measured	0	0	100	1	0	0	1.0	10.0	matrix_sweep	2
showcase_matrix_o012_c016_r03	12	16	240	240	11.591	2.782408	86.256	none	NA	not_measured	0	0	100	1	0	0	1.0	10.0	matrix_sweep	3
showcase_matrix_o012_c020_r01	12	20	240	240	14.408	3.457943	69.405	none	NA	not_measured	0	0	100	1	0	0	1.0	10.0	matrix_sweep	1
showcase_matrix_o012_c020_r02	12	20	240	240	14.243	3.418882	70.198	none	NA	not_measured	0	0	100	1	0	0	1.0	10.0	matrix_sweep	2
showcase_matrix_o012_c020_r03	12	20	240	240	13.955	3.349695	71.648	none	NA	not_measured	0	0	100	1	0	0	1.0	10.0	matrix_sweep	3
showcase_matrix_o016_c002_r01	16	2	240	240	2.575	0.618329	388.143	none	NA	not_measured	0	0	100	1	0	0	1.0	10.0	matrix_sweep	1
showcase_matrix_o016_c002_r02	16	2	240	240	2.603	0.625184	383.887	none	NA	not_measured	0	0	100	1	0	0	1.0	10.0	matrix_sweep	2
showcase_matrix_o016_c002_r03	16	2	240	240	2.582	0.619957	387.124	none	NA	not_measured	0	0	100	1	0	0	1.0	10.0	matrix_sweep	3
showcase_matrix_o016_c004_r01	16	4	240	240	5.191	1.246341	192.564	none	NA	not_measured	0	0	100	1	0	0	1.0	10.0	matrix_sweep	1
showcase_matrix_o016_c004_r02	16	4	240	240	5.112	1.227400	195.535	none	NA	not_measured	0	0	100	1	0	0	1.0	10.0	matrix_sweep	2
showcase_matrix_o016_c004_r03	16	4	240	240	5.170	1.241383	193.333	none	NA	not_measured	0	0	100	1	0	0	1.0	10.0	matrix_sweep	3
showcase_matrix_o016_c006_r01	16	6	240	240	7.634	1.832590	130.962	none	NA	not_measured	0	0	100	1	0	0	1.0	10.0	matrix_sweep	1
showcase_matrix_o016_c006_r02	16	6	240	240	8.116	1.948338	123.182	none	NA	not_measured	0	0	100	1	0	0	1.0	10.0	matrix_sweep	2
showcase_matrix_o016_c006_r03	16	6	240	240	7.346	1.762965	136.134	none	NA	not_measured	0	0	100	1	0	0	1.0	10.0	matrix_sweep	3
showcase_matrix_o016_c008_r01	16	8	240	240	10.281	2.468035	97.243	none	NA	not_measured	0	0	100	1	0	0	1.0	10.0	matrix_sweep	1
showcase_matrix_o016_c008_r02	16	8	240	240	10.156	2.437348	98.468	none	NA	not_measured	0	0	100	1	0	0	1.0	10.0	matrix_sweep	2
showcase_matrix_o016_c008_r03	16	8	240	240	10.370	2.490596	96.362	none	NA	not_measured	0	0	100	1	0	0	1.0	10.0	matrix_sweep	3
showcase_matrix_o016_c012_r01	16	12	240	240	15.355	3.685757	65.116	none	NA	not_measured	0	0	100	1	0	0	1.0	10.0	matrix_sweep	1
showcase_matrix_o016_c012_r02	16	12	240	240	15.072	3.617849	66.338	none	NA	not_measured	0	0	100	1	0	0	1.0	10.0	matrix_sweep	2
showcase_matrix_o016_c012_r03	16	12	240	240	15.498	3.720156	64.513	none	NA	not_measured	0	0	100	1	0	0	1.0	10.0	matrix_sweep	3
showcase_matrix_o016_c016_r01	16	16	240	240	20.471	4.913499	48.845	none	NA	not_measured	0	0	100	1	0	0	1.0	10.0	matrix_sweep	1
showcase_matrix_o016_c016_r02	16	16	240	240	20.191	4.846548	49.520	none	NA	not_measured	0	0	100	1	0	0	1.0	10.0	matrix_sweep	2
showcase_matrix_o016_c016_r03	16	16	240	240	20.312	4.876195	49.219	none	NA	not_measured	0	0	100	1	0	0	1.0	10.0	matrix_sweep	3
showcase_matrix_o016_c020_r01	16	20	240	240	25.202	6.048519	39.679	none	NA	not_measured	0	0	100	1	0	0	1.0	10.0	matrix_sweep	1
showcase_matrix_o016_c020_r02	16	20	240	240	25.189	6.045977	39.696	none	NA	not_measured	0	0	100	1	0	0	1.0	10.0	matrix_sweep	2
showcase_matrix_o016_c020_r03	16	20	240	240	25.171	6.041672	39.724	none	NA	not_measured	0	0	100	1	0	0	1.0	10.0	matrix_sweep	3
showcase_matrix_o024_c002_r01	24	2	240	240	5.608	1.349492	177.845	none	NA	not_measured	0	0	100	1	0	0	1.0	10.0	matrix_sweep	1
showcase_matrix_o024_c002_r02	24	2	240	240	5.497	1.319813	181.844	none	NA	not_measured	0	0	100	1	0	0	1.0	10.0	matrix_sweep	2
showcase_matrix_o024_c002_r03	24	2	240	240	5.743	1.378362	174.120	none	NA	not_measured	0	0	100	1	0	0	1.0	10.0	matrix_sweep	3
showcase_matrix_o024_c004_r01	24	4	240	240	11.050	2.651960	90.499	none	NA	not_measured	0	0	100	1	0	0	1.0	10.0	matrix_sweep	1
showcase_matrix_o024_c004_r02	24	4	240	240	11.113	2.667233	89.981	none	NA	not_measured	0	0	100	1	0	0	1.0	10.0	matrix_sweep	2
showcase_matrix_o024_c004_r03	24	4	240	240	11.409	2.739359	87.612	none	NA	not_measured	0	0	100	1	0	0	1.0	10.0	matrix_sweep	3
showcase_matrix_o024_c006_r01	24	6	240	240	16.549	3.971703	60.427	none	NA	not_measured	0	0	100	1	0	0	1.0	10.0	matrix_sweep	1
showcase_matrix_o024_c006_r02	24	6	240	240	17.005	4.081882	58.796	none	NA	not_measured	0	0	100	1	0	0	1.0	10.0	matrix_sweep	2
showcase_matrix_o024_c006_r03	24	6	240	240	16.492	3.958746	60.625	none	NA	not_measured	0	0	100	1	0	0	1.0	10.0	matrix_sweep	3
showcase_matrix_o024_c008_r01	24	8	240	240	22.638	5.433765	44.168	none	NA	not_measured	0	0	100	1	0	0	1.0	10.0	matrix_sweep	1
showcase_matrix_o024_c008_r02	24	8	240	240	22.173	5.321618	45.099	none	NA	not_measured	0	0	100	1	0	0	1.0	10.0	matrix_sweep	2
showcase_matrix_o024_c008_r03	24	8	240	240	28.347	6.803384	35.277	none	NA	not_measured	0	0	100	1	0	0	1.0	10.0	matrix_sweep	3
showcase_matrix_o024_c012_r01	24	12	240	240	39.310	9.435241	25.437	none	NA	not_measured	0	0	100	1	0	0	1.0	10.0	matrix_sweep	1
showcase_matrix_o024_c012_r02	24	12	240	240	45.555	10.933821	21.950	none	NA	not_measured	0	0	100	1	0	0	1.0	10.0	matrix_sweep	2
showcase_matrix_o024_c012_r03	24	12	240	240	49.188	11.805925	20.329	none	NA	not_measured	0	0	100	1	0	0	1.0	10.0	matrix_sweep	3
showcase_matrix_o024_c016_r01	24	16	240	240	60.030	14.407866	16.658	none	NA	not_measured	0	0	100	1	0	0	1.0	10.0	matrix_sweep	1
showcase_matrix_o024_c016_r02	24	16	240	240	54.599	13.104306	18.315	none	NA	not_measured	0	0	100	1	0	0	1.0	10.0	matrix_sweep	2
showcase_matrix_o024_c016_r03	24	16	240	240	55.307	13.274840	18.079	none	NA	not_measured	0	0	100	1	0	0	1.0	10.0	matrix_sweep	3
showcase_matrix_o024_c020_r01	24	20	240	240	68.487	16.437546	14.601	none	NA	not_measured	0	0	100	1	0	0	1.0	10.0	matrix_sweep	1
showcase_matrix_o024_c020_r02	24	20	240	240	67.607	16.226390	14.791	none	NA	not_measured	0	0	100	1	0	0	1.0	10.0	matrix_sweep	2
showcase_matrix_o024_c020_r03	24	20	240	240	66.332	15.920382	15.075	none	NA	not_measured	0	0	100	1	0	0	1.0	10.0	matrix_sweep	3
showcase_matrix_o032_c002_r01	32	2	240	240	13.593	3.263014	73.552	none	NA	not_measured	0	0	100	1	0	0	1.0	10.0	matrix_sweep	1
showcase_matrix_o032_c002_r02	32	2	240	240	13.088	3.141760	76.390	none	NA	not_measured	0	0	100	1	0	0	1.0	10.0	matrix_sweep	2
showcase_matrix_o032_c002_r03	32	2	240	240	12.908	3.098565	77.455	none	NA	not_measured	0	0	100	1	0	0	1.0	10.0	matrix_sweep	3
showcase_matrix_o032_c004_r01	32	4	240	240	26.947	6.467993	37.106	none	NA	not_measured	0	0	100	1	0	0	1.0	10.0	matrix_sweep	1
showcase_matrix_o032_c004_r02	32	4	240	240	26.776	6.427128	37.342	none	NA	not_measured	0	0	100	1	0	0	1.0	10.0	matrix_sweep	2
showcase_matrix_o032_c004_r03	32	4	240	240	26.303	6.313379	38.015	none	NA	not_measured	0	0	100	1	0	0	1.0	10.0	matrix_sweep	3
showcase_matrix_o032_c006_r01	32	6	240	240	32.174	7.722342	31.079	none	NA	not_measured	0	0	100	1	0	0	1.0	10.0	matrix_sweep	1
showcase_matrix_o032_c006_r02	32	6	240	240	32.334	7.760643	30.925	none	NA	not_measured	0	0	100	1	0	0	1.0	10.0	matrix_sweep	2
showcase_matrix_o032_c006_r03	32	6	240	240	32.483	7.796462	30.783	none	NA	not_measured	0	0	100	1	0	0	1.0	10.0	matrix_sweep	3
showcase_matrix_o032_c008_r01	32	8	240	240	43.129	10.351692	23.185	none	NA	not_measured	0	0	100	1	0	0	1.0	10.0	matrix_sweep	1
showcase_matrix_o032_c008_r02	32	8	240	240	43.631	10.472050	22.918	none	NA	not_measured	0	0	100	1	0	0	1.0	10.0	matrix_sweep	2
showcase_matrix_o032_c008_r03	32	8	240	240	43.682	10.484269	22.891	none	NA	not_measured	0	0	100	1	0	0	1.0	10.0	matrix_sweep	3
showcase_matrix_o032_c012_r01	32	12	240	240	64.828	15.559430	15.425	none	NA	not_measured	0	0	100	1	0	0	1.0	10.0	matrix_sweep	1
showcase_matrix_o032_c012_r02	32	12	240	240	65.006	15.602157	15.382	none	NA	not_measured	0	0	100	1	0	0	1.0	10.0	matrix_sweep	2
showcase_matrix_o032_c012_r03	32	12	240	240	68.885	16.533180	14.516	none	NA	not_measured	0	0	100	1	0	0	1.0	10.0	matrix_sweep	3
showcase_matrix_o032_c016_r01	32	16	240	240	100.851	24.204911	9.915	none	NA	not_measured	0	0	100	1	0	0	1.0	10.0	matrix_sweep	1
showcase_matrix_o032_c016_r02	32	16	240	240	97.049	23.291876	10.304	none	NA	not_measured	0	0	100	1	0	0	1.0	10.0	matrix_sweep	2
showcase_matrix_o032_c016_r03	32	16	240	240	113.498	27.240281	8.810	none	NA	not_measured	0	0	100	1	0	0	1.0	10.0	matrix_sweep	3
showcase_matrix_o032_c020_r01	32	20	240	240	122.661	29.439429	8.152	none	NA	not_measured	0	0	100	1	0	0	1.0	10.0	matrix_sweep	1
showcase_matrix_o032_c020_r02	32	20	240	240	150.646	36.155831	6.638	none	NA	not_measured	0	0	100	1	0	0	1.0	10.0	matrix_sweep	2
showcase_matrix_o032_c020_r03	32	20	240	240	141.378	33.931494	7.073	none	NA	not_measured	0	0	100	1	0	0	1.0	10.0	matrix_sweep	3
showcase_matrix_o040_c002_r01	40	2	240	240	19.839	4.761319	50.406	none	NA	not_measured	0	0	100	1	0	0	1.0	10.0	matrix_sweep	1
showcase_matrix_o040_c002_r02	40	2	240	240	19.794	4.751270	50.513	none	NA	not_measured	0	0	100	1	0	0	1.0	10.0	matrix_sweep	2
showcase_matrix_o040_c002_r03	40	2	240	240	19.687	4.724952	50.794	none	NA	not_measured	0	0	100	1	0	0	1.0	10.0	matrix_sweep	3
showcase_matrix_o040_c004_r01	40	4	240	240	42.960	10.311201	23.276	none	NA	not_measured	0	0	100	1	0	0	1.0	10.0	matrix_sweep	1
showcase_matrix_o040_c004_r02	40	4	240	240	48.299	11.592432	20.703	none	NA	not_measured	0	0	100	1	0	0	1.0	10.0	matrix_sweep	2
showcase_matrix_o040_c004_r03	40	4	240	240	44.369	10.649251	22.537	none	NA	not_measured	0	0	100	1	0	0	1.0	10.0	matrix_sweep	3
showcase_matrix_o040_c006_r01	40	6	240	240	62.332	14.960447	16.042	none	NA	not_measured	0	0	100	1	0	0	1.0	10.0	matrix_sweep	1
showcase_matrix_o040_c006_r02	40	6	240	240	56.590	13.582800	17.669	none	NA	not_measured	0	0	100	1	0	0	1.0	10.0	matrix_sweep	2
showcase_matrix_o040_c006_r03	40	6	240	240	58.567	14.056659	17.074	none	NA	not_measured	0	0	100	1	0	0	1.0	10.0	matrix_sweep	3
showcase_matrix_o040_c008_r01	40	8	240	240	93.358	22.406489	10.711	none	NA	not_measured	0	0	100	1	0	0	1.0	10.0	matrix_sweep	1
showcase_matrix_o040_c008_r02	40	8	240	240	92.356	22.166375	10.827	none	NA	not_measured	0	0	100	1	0	0	1.0	10.0	matrix_sweep	2
showcase_matrix_o040_c008_r03	40	8	240	240	92.547	22.212152	10.805	none	NA	not_measured	0	0	100	1	0	0	1.0	10.0	matrix_sweep	3
showcase_matrix_o040_c012_r01	40	12	240	240	135.743	32.579190	7.367	none	NA	not_measured	0	0	100	1	0	0	1.0	10.0	matrix_sweep	1
showcase_matrix_o040_c012_r02	40	12	240	240	136.266	32.703791	7.339	none	NA	not_measured	0	0	100	1	0	0	1.0	10.0	matrix_sweep	2
showcase_matrix_o040_c012_r03	40	12	240	240	202.854	48.686359	4.930	none	NA	not_measured	0	0	100	1	0	0	1.0	10.0	matrix_sweep	3
showcase_matrix_o040_c016_r01	40	16	240	240	210.876	50.611346	4.742	none	NA	not_measured	0	0	100	1	0	0	1.0	10.0	matrix_sweep	1
showcase_matrix_o040_c016_r02	40	16	240	240	216.473	51.954449	4.619	none	NA	not_measured	0	0	100	1	0	0	1.0	10.0	matrix_sweep	2
showcase_matrix_o040_c016_r03	40	16	240	240	209.278	50.227409	4.778	none	NA	not_measured	0	0	100	1	0	0	1.0	10.0	matrix_sweep	3
showcase_matrix_o040_c020_r01	40	20	240	240	232.397	55.776052	4.303	none	NA	not_measured	0	0	100	1	0	0	1.0	10.0	matrix_sweep	1
showcase_matrix_o040_c020_r02	40	20	240	240	223.110	53.546467	4.482	none	NA	not_measured	0	0	100	1	0	0	1.0	10.0	matrix_sweep	2
showcase_matrix_o040_c020_r03	40	20	240	240	207.757	49.862353	4.813	none	NA	not_measured	0	0	100	1	0	0	1.0	10.0	matrix_sweep	3
showcase_mixed_m000_r01	24	8	1280	1280	28.968	37.084048	34.516	none	NA	not_measured	0	0	100	1	0	0	1.0	10.0	mixed_feature_sweep	1
showcase_mixed_m000_r02	24	8	1280	1280	27.281	34.919247	36.656	none	NA	not_measured	0	0	100	1	0	0	1.0	10.0	mixed_feature_sweep	2
showcase_mixed_m000_r03	24	8	1280	1280	34.398	44.033889	29.069	none	NA	not_measured	0	0	100	1	0	0	1.0	10.0	mixed_feature_sweep	3
showcase_mixed_m002_r01	24	8	1280	1280	24.488	31.348236	40.832	none	NA	not_measured	2	2	100	1	0	0	1.0	10.0	mixed_feature_sweep	1
showcase_mixed_m002_r02	24	8	1280	1280	20.013	25.619727	49.962	none	NA	not_measured	2	2	100	1	0	0	1.0	10.0	mixed_feature_sweep	2
showcase_mixed_m002_r03	24	8	1280	1280	19.816	25.367613	50.458	none	NA	not_measured	2	2	100	1	0	0	1.0	10.0	mixed_feature_sweep	3
showcase_mixed_m004_r01	24	8	1280	1280	19.611	25.101751	50.992	none	NA	not_measured	4	4	100	1	0	0	1.0	10.0	mixed_feature_sweep	1
showcase_mixed_m004_r02	24	8	1280	1280	19.992	25.592294	50.015	none	NA	not_measured	4	4	100	1	0	0	1.0	10.0	mixed_feature_sweep	2
showcase_mixed_m004_r03	24	8	1280	1280	20.231	25.898248	49.424	none	NA	not_measured	4	4	100	1	0	0	1.0	10.0	mixed_feature_sweep	3
showcase_mixed_m006_r01	24	8	1280	1280	19.948	25.536572	50.124	none	NA	not_measured	6	6	100	1	0	0	1.0	10.0	mixed_feature_sweep	1
showcase_mixed_m006_r02	24	8	1280	1280	22.301	28.545149	44.841	none	NA	not_measured	6	6	100	1	0	0	1.0	10.0	mixed_feature_sweep	2
showcase_mixed_m006_r03	24	8	1280	1280	22.372	28.639624	44.693	none	NA	not_measured	6	6	100	1	0	0	1.0	10.0	mixed_feature_sweep	3
showcase_mixed_m008_r01	24	8	1280	1280	20.128	25.767556	49.675	none	NA	not_measured	8	8	100	1	0	0	1.0	10.0	mixed_feature_sweep	1
showcase_mixed_m008_r02	24	8	1280	1280	20.294	25.979764	49.269	none	NA	not_measured	8	8	100	1	0	0	1.0	10.0	mixed_feature_sweep	2
showcase_mixed_m008_r03	24	8	1280	1280	NA	NA	NA	none	NA	not_measured	8	8	100	1	0	0	1.0	10.0	mixed_feature_sweep	3
showcase_mixed_m008_r03	24	8	1280	1280	21.852	27.973752	45.757	none	NA	not_measured	8	8	100	1	0	0	1.0	10.0	mixed_feature_sweep	3
showcase_mixed_m010_r01	24	8	1280	1280	NA	NA	NA	none	NA	not_measured	10	10	100	1	0	0	1.0	10.0	mixed_feature_sweep	1
showcase_mixed_m010_r01	24	8	1280	1280	21.333	27.308433	46.872	none	NA	not_measured	10	10	100	1	0	0	1.0	10.0	mixed_feature_sweep	1
showcase_mixed_m010_r02	24	8	1280	1280	21.146	27.069478	47.286	none	NA	not_measured	10	10	100	1	0	0	1.0	10.0	mixed_feature_sweep	2
showcase_mixed_m010_r02	24	8	1280	1280	20.986	26.865468	47.645	none	NA	not_measured	10	10	100	1	0	0	1.0	10.0	mixed_feature_sweep	2
showcase_mixed_m010_r03	24	8	1280	1280	NA	NA	NA	none	NA	not_measured	10	10	100	1	0	0	1.0	10.0	mixed_feature_sweep	3
showcase_mixed_m010_r03	24	8	1280	1280	23.256	29.770564	42.995	none	NA	not_measured	10	10	100	1	0	0	1.0	10.0	mixed_feature_sweep	3
showcase_mixed_m012_r01	24	8	1280	1280	NA	NA	NA	none	NA	not_measured	12	12	100	1	0	0	1.0	10.0	mixed_feature_sweep	1
showcase_mixed_m012_r01	24	8	1280	1280	27.338	34.992021	36.580	none	NA	not_measured	12	12	100	1	0	0	1.0	10.0	mixed_feature_sweep	1
showcase_mixed_m012_r02	24	8	1280	1280	NA	NA	NA	none	NA	not_measured	12	12	100	1	0	0	1.0	10.0	mixed_feature_sweep	2
showcase_mixed_m012_r02	24	8	1280	1280	27.813	35.604209	35.951	none	NA	not_measured	12	12	100	1	0	0	1.0	10.0	mixed_feature_sweep	2
showcase_mixed_m012_r03	24	8	1280	1280	NA	NA	NA	none	NA	not_measured	12	12	100	1	0	0	1.0	10.0	mixed_feature_sweep	3
showcase_mixed_m012_r03	24	8	1280	1280	27.868	35.674170	35.880	none	NA	not_measured	12	12	100	1	0	0	1.0	10.0	mixed_feature_sweep	3
showcase_mixed_m016_r01	24	8	1280	1280	NA	NA	NA	none	NA	not_measured	16	16	100	1	0	0	1.0	10.0	mixed_feature_sweep	1
showcase_mixed_m016_r01	24	8	1280	1280	22.046	28.219160	45.359	none	NA	not_measured	16	16	100	1	0	0	1.0	10.0	mixed_feature_sweep	1
showcase_mixed_m016_r02	24	8	1280	1280	21.749	27.840734	45.976	none	NA	not_measured	16	16	100	1	0	0	1.0	10.0	mixed_feature_sweep	2
showcase_mixed_m016_r02	24	8	1280	1280	23.193	29.689462	43.113	none	NA	not_measured	16	16	100	1	0	0	1.0	10.0	mixed_feature_sweep	2
showcase_mixed_m016_r03	24	8	1280	1280	NA	NA	NA	none	NA	not_measured	16	16	100	1	0	0	1.0	10.0	mixed_feature_sweep	3
showcase_mixed_m016_r03	24	8	1280	1280	22.066	28.247625	45.314	none	NA	not_measured	16	16	100	1	0	0	1.0	10.0	mixed_feature_sweep	3
showcase_mixed_m020_r01	24	8	1280	1280	NA	NA	NA	none	NA	not_measured	20	20	100	1	0	0	1.0	10.0	mixed_feature_sweep	1
showcase_mixed_m020_r01	24	8	1280	1280	23.446	30.014456	42.646	none	NA	not_measured	20	20	100	1	0	0	1.0	10.0	mixed_feature_sweep	1
showcase_mixed_m020_r02	24	8	1280	1280	NA	NA	NA	none	NA	not_measured	20	20	100	1	0	0	1.0	10.0	mixed_feature_sweep	2
showcase_mixed_m020_r02	24	8	1280	1280	45.220	57.896555	22.108	none	NA	not_measured	20	20	100	1	0	0	1.0	10.0	mixed_feature_sweep	2
showcase_mixed_m020_r03	24	8	1280	1280	NA	NA	NA	none	NA	not_measured	20	20	100	1	0	0	1.0	10.0	mixed_feature_sweep	3
showcase_mixed_m020_r03	24	8	1280	1280	45.598	58.371317	21.929	none	NA	not_measured	20	20	100	1	0	0	1.0	10.0	mixed_feature_sweep	3
showcase_burst_b001_r01	24	8	2400	2400	NA	NA	NA	none	NA	not_measured	8	8	100	1	8	96	0.8	8.0	burst_sweep	1
showcase_burst_b001_r01	24	8	2400	2400	41.140	98.756520	24.302	none	NA	not_measured	8	8	100	1	8	96	0.8	8.0	burst_sweep	1
showcase_burst_b001_r02	24	8	2400	2400	NA	NA	NA	none	NA	not_measured	8	8	100	1	8	96	0.8	8.0	burst_sweep	2
showcase_burst_b001_r02	24	8	2400	2400	41.487	99.594581	24.098	none	NA	not_measured	8	8	100	1	8	96	0.8	8.0	burst_sweep	2
showcase_burst_b001_r03	24	8	2400	2400	NA	NA	NA	none	NA	not_measured	8	8	100	1	8	96	0.8	8.0	burst_sweep	3
showcase_burst_b002_r01	24	8	2400	2400	10.338	24.818534	96.702	none	NA	not_measured	8	8	100	2	8	96	0.8	11.0	burst_sweep	1
showcase_burst_b001_r03	24	8	2400	2400	41.278	99.090718	24.220	none	NA	not_measured	8	8	100	1	8	96	0.8	8.0	burst_sweep	3
showcase_burst_b002_r02	24	8	2400	2400	NA	NA	NA	none	NA	not_measured	8	8	100	2	8	96	0.8	11.0	burst_sweep	2
showcase_burst_b002_r02	24	8	2400	2400	10.484	25.166533	95.365	none	NA	not_measured	8	8	100	2	8	96	0.8	11.0	burst_sweep	2
showcase_burst_b002_r03	24	8	2400	2400	NA	NA	NA	none	NA	not_measured	8	8	100	2	8	96	0.8	11.0	burst_sweep	3
showcase_burst_b002_r03	24	8	2400	2400	10.389	24.944782	96.213	none	NA	not_measured	8	8	100	2	8	96	0.8	11.0	burst_sweep	3
showcase_burst_b004_r01	24	8	2400	2400	NA	NA	NA	none	NA	not_measured	8	8	100	4	8	96	0.8	17.0	burst_sweep	1
showcase_burst_b004_r01	24	8	2400	2400	10.311	24.750967	96.966	none	NA	not_measured	8	8	100	4	8	96	0.8	17.0	burst_sweep	1
showcase_burst_b004_r02	24	8	2400	2400	NA	NA	NA	none	NA	not_measured	8	8	100	4	8	96	0.8	17.0	burst_sweep	2
showcase_burst_b004_r02	24	8	2400	2400	10.257	24.622320	97.473	none	NA	not_measured	8	8	100	4	8	96	0.8	17.0	burst_sweep	2
showcase_burst_b004_r03	24	8	2400	2400	NA	NA	NA	none	NA	not_measured	8	8	100	4	8	96	0.8	17.0	burst_sweep	3
showcase_burst_b004_r03	24	8	2400	2400	10.229	24.555771	97.737	none	NA	not_measured	8	8	100	4	8	96	0.8	17.0	burst_sweep	3
showcase_burst_b008_r01	24	8	2400	2400	NA	NA	NA	none	NA	not_measured	8	8	100	8	8	96	0.8	29.0	burst_sweep	1
showcase_burst_b008_r01	24	8	2400	2400	10.436	25.052558	95.799	none	NA	not_measured	8	8	100	8	8	96	0.8	29.0	burst_sweep	1
showcase_burst_b008_r02	24	8	2400	2400	NA	NA	NA	none	NA	not_measured	8	8	100	8	8	96	0.8	29.0	burst_sweep	2
showcase_burst_b008_r02	24	8	2400	2400	10.717	25.727619	93.285	none	NA	not_measured	8	8	100	8	8	96	0.8	29.0	burst_sweep	2
showcase_burst_b008_r03	24	8	2400	2400	NA	NA	NA	none	NA	not_measured	8	8	100	8	8	96	0.8	29.0	burst_sweep	3
showcase_burst_b008_r03	24	8	2400	2400	10.817	25.967217	92.424	none	NA	not_measured	8	8	100	8	8	96	0.8	29.0	burst_sweep	3
showcase_burst_b012_r01	24	8	2400	2400	NA	NA	NA	none	NA	not_measured	8	8	100	12	8	96	0.8	41.0	burst_sweep	1
showcase_burst_b012_r01	24	8	2400	2400	10.780	25.877483	92.745	none	NA	not_measured	8	8	100	12	8	96	0.8	41.0	burst_sweep	1
showcase_burst_b012_r02	24	8	2400	2400	NA	NA	NA	none	NA	not_measured	8	8	100	12	8	96	0.8	41.0	burst_sweep	2
showcase_burst_b012_r02	24	8	2400	2400	10.712	25.714784	93.332	none	NA	not_measured	8	8	100	12	8	96	0.8	41.0	burst_sweep	2
showcase_burst_b012_r03	24	8	2400	2400	NA	NA	NA	none	NA	not_measured	8	8	100	12	8	96	0.8	41.0	burst_sweep	3
showcase_burst_b012_r03	24	8	2400	2400	10.831	26.001971	92.301	none	NA	not_measured	8	8	100	12	8	96	0.8	41.0	burst_sweep	3
showcase_burst_b016_r01	24	8	2400	2400	NA	NA	NA	none	NA	not_measured	8	8	100	16	8	96	0.8	53.0	burst_sweep	1
showcase_burst_b016_r01	24	8	2400	2400	10.822	25.979254	92.381	none	NA	not_measured	8	8	100	16	8	96	0.8	53.0	burst_sweep	1
showcase_burst_b016_r02	24	8	2400	2400	NA	NA	NA	none	NA	not_measured	8	8	100	16	8	96	0.8	53.0	burst_sweep	2
showcase_burst_b016_r02	24	8	2400	2400	10.359	24.871505	96.496	none	NA	not_measured	8	8	100	16	8	96	0.8	53.0	burst_sweep	2
showcase_burst_b016_r03	24	8	2400	2400	NA	NA	NA	none	NA	not_measured	8	8	100	16	8	96	0.8	53.0	burst_sweep	3
showcase_soak_e00320_r01	24	8	320	320	4.487	1.436290	222.796	none	NA	not_measured	8	8	100	8	8	128	0.8	24.0	soak_sweep	1
showcase_soak_e00320_r02	24	8	320	320	4.378	1.401531	228.322	none	NA	not_measured	8	8	100	8	8	128	0.8	24.0	soak_sweep	2
showcase_soak_e00640_r01	24	8	640	640	7.644	4.897306	130.684	none	NA	not_measured	8	8	100	8	8	128	0.8	24.0	soak_sweep	1
showcase_soak_e00640_r02	24	8	640	640	7.836	5.016011	127.591	none	NA	not_measured	8	8	100	8	8	128	0.8	24.0	soak_sweep	2
showcase_soak_e00960_r01	24	8	960	960	8.727	8.380468	114.552	none	NA	not_measured	8	8	100	8	8	128	0.8	24.0	soak_sweep	1
showcase_burst_b016_r03	24	8	2400	2400	10.348	24.840679	96.616	none	NA	not_measured	8	8	100	16	8	96	0.8	53.0	burst_sweep	3
showcase_soak_e00960_r02	24	8	960	960	7.873	7.560736	126.972	none	NA	not_measured	8	8	100	8	8	128	0.8	24.0	soak_sweep	2
showcase_soak_e01600_r01	24	8	1600	1600	9.056	14.493195	110.397	none	NA	not_measured	8	8	100	8	8	128	0.8	24.0	soak_sweep	1
showcase_soak_e01600_r02	24	8	1600	1600	NA	NA	NA	none	NA	not_measured	8	8	100	8	8	128	0.8	24.0	soak_sweep	2
showcase_soak_e01600_r02	24	8	1600	1600	9.713	15.546898	102.914	none	NA	not_measured	8	8	100	8	8	128	0.8	24.0	soak_sweep	2
showcase_soak_e03200_r01	24	8	3200	3200	10.380	33.223329	96.318	none	NA	not_measured	8	8	100	8	8	128	0.8	24.0	soak_sweep	1
showcase_soak_e03200_r01	24	8	3200	3200	10.294	32.948853	97.120	none	NA	not_measured	8	8	100	8	8	128	0.8	24.0	soak_sweep	1
showcase_soak_e03200_r02	24	8	3200	3200	10.175	32.569219	98.252	none	NA	not_measured	8	8	100	8	8	128	0.8	24.0	soak_sweep	2
showcase_soak_e03200_r02	24	8	3200	3200	10.238	32.769622	97.651	none	NA	not_measured	8	8	100	8	8	128	0.8	24.0	soak_sweep	2
showcase_soak_e06400_r01	24	8	6400	6400	10.641	68.120346	93.951	none	NA	not_measured	8	8	100	8	8	128	0.8	24.0	soak_sweep	1
showcase_soak_e06400_r01	24	8	6400	6400	10.591	67.794531	94.403	none	NA	not_measured	8	8	100	8	8	128	0.8	24.0	soak_sweep	1
showcase_soak_e06400_r02	24	8	6400	6400	10.628	68.034815	94.069	none	NA	not_measured	8	8	100	8	8	128	0.8	24.0	soak_sweep	2
showcase_soak_e06400_r02	24	8	6400	6400	10.373	66.416484	96.362	none	NA	not_measured	8	8	100	8	8	128	0.8	24.0	soak_sweep	2
